<?xml version="1.0" encoding="UTF-8" ?>
<!DOCTYPE mapper
  PUBLIC "-//mybatis.org//DTD Mapper 3.0//EN"
  "http://mybatis.org/dtd/mybatis-3-mapper.dtd">

<mapper namespace="com.atguigu.cpes.dao.RoleDao">

    <select id="queryAll" resultType="role">
        select * from t_role
    </select>

    <select id="queryRoleById" resultType="role">
        select * from t_role where id = #{id}
    </select>

    <select id="queryRole4Page" resultType="role">
        select * from t_role
        limit #{start}, #{pagesize}
    </select>
    
    <select id="queryRoleCount4Page" resultType="int">
        select count(*) from t_role
    </select>
    
    <insert id="insertRole">
        insert into t_role ( name ) values ( #{name} )
    </insert>
    
    <insert id="insertRolePermission">
        insert into t_role_permission ( roleid, permissionid ) values ( #{roleid}, #{permissionid} )
    </insert>
    
    <update id="updateRole">
        update t_role set name = #{name} where id = #{id}
    </update>

    <delete id="deleteRoleById">
        delete from t_role where id = #{id}
    </delete>
    
    <delete id="deleteRoles">
        delete from t_role where id in
        <foreach collection="roles" item="role" open="(" close=")" separator=",">
        #{role.id}
        </foreach>
    </delete>
    
    <delete id="deletePermissionByRoleId">
        delete from t_role_permission where roleid = #{roleid}
    </delete>

</mapper>