<?xml version="1.0" encoding="UTF-8" ?>
<!DOCTYPE mapper
  PUBLIC "-//mybatis.org//DTD Mapper 3.0//EN"
  "http://mybatis.org/dtd/mybatis-3-mapper.dtd">

<mapper namespace="com.atguigu.cpes.dao.MemberDao">

    <select id="queryMemberCertsByMemberid" resultType="memberCert">
        select
            mc.*,
            c.name as certname
        from t_member_cert mc
        join t_cert c on mc.certid = c.id
        where mc.memberid = #{memberid}
    </select>

    <select id="queryTicketByPiid" resultType="ticket">
        select
           t.*,
           m.username
        from t_ticket t
        join t_member m on t.memberid = m.id
        where t.piid = #{piid}
        order by t.id desc
        limit 1
    </select>

    <select id="queryTicketByMemberid" resultType="ticket">
        select * from t_ticket where memberid = #{memberid}
        order by id desc
        limit 1
    </select>

    <select id="queryMember4Login" resultType="member">
        select * from t_member where loginacct = #{loginacct} and userpswd = #{userpswd}
    </select>
    
    <insert id="insertMemberCert">
        insert into t_member_cert (
            memberid,certid,path
        ) values (
            #{memberid},#{certid},#{path}
        )
    </insert>
    
    <insert id="insertTicket">
        insert into t_ticket ( memberid,piid,status, certno ) values (
            #{memberid},#{piid},#{status}, #{certno}
        )
    </insert>
    
    <update id="updateStatus" >
        update t_member set status = '1' where id = #{id}
    </update>
    
    <update id="updateEmail">
        update t_member set email = #{email} where id = #{id}
    </update>
    
    <update id="updateAcctype">
        update t_member set acctype = #{acctype} where id = #{id}
    </update>
    
    <update id="updateMemberInfo">
        update t_member set realname = #{realname}, cardno = #{cardno} where id = #{id}
    </update>
    
    <update id="updateTicketStatus">
        update t_ticket set status = #{status} where id = #{id}
    </update>
    <!-- 
    <select id="queryRolePermissionByUser" resultType="permission">
        select * from t_permission
        where id in (
	        select
	            rp.permissionid
	        from t_role_permission rp
	        join t_user_role ur on ur.roleid = rp.roleid and ur.userid = #{id}
        ) and id != pid
        order by seqno
    </select>

    
    <insert id="insertUser">
        insert into t_user (
            name,userpswd,sex,email,loginacct
        ) values (
            #{name},#{userpswd},#{sex},#{email},#{loginacct}
        )
        <selectKey keyProperty="id" resultType="int">
            select @@identity as id
        </selectKey>
    </insert>
    
    <update id="updateUser">
        update t_user
        set name = #{name}, sex = #{sex}, email = #{email}, loginacct = #{loginacct}
        where id = #{id}
    </update>

    <delete id="deleteUserRole">
        delete from t_user_role where userid = #{userid} and roleid = #{roleid}
    </delete>
     -->
</mapper>