<?xml version="1.0" encoding="UTF-8"?>
<beans xmlns="http://www.springframework.org/schema/beans"
	xmlns:xsi="http://www.w3.org/2001/XMLSchema-instance"
	xmlns:context="http://www.springframework.org/schema/context"
	xmlns:p="http://www.springframework.org/schema/p"
	xmlns:mvc="http://www.springframework.org/schema/mvc"
	xsi:schemaLocation="http://www.springframework.org/schema/mvc http://www.springframework.org/schema/mvc/spring-mvc-4.0.xsd
		http://www.springframework.org/schema/beans http://www.springframework.org/schema/beans/spring-beans.xsd
		http://www.springframework.org/schema/context http://www.springframework.org/schema/context/spring-context-4.0.xsd">

    <!-- 启用注解功能 -->
    <context:annotation-config />
    
    <!-- 字符串字符编码转换 -->
    <bean class="org.springframework.web.servlet.mvc.annotation.AnnotationMethodHandlerAdapter" >
        <property name="messageConverters">   
	         <list>
	             <bean class="org.springframework.http.converter.json.MappingJacksonHttpMessageConverter">   
	                <property name="supportedMediaTypes">
	                      <list>
	                          <value>application/json;charset=UTF-8</value>
	                     </list>   
	                </property>   
	             </bean>   
	         </list>   
	    </property>
    </bean>
    
    <context:component-scan base-package="com.atguigu.*" use-default-filters="false">
        <!-- 
        <context:exclude-filter type="annotation" expression="org.springframework.stereotype.Service"/>
         -->
        <context:include-filter type="annotation" expression="org.springframework.stereotype.Controller"/>
    </context:component-scan>

	<bean id="freemarkerConfig"  
	      class="org.springframework.web.servlet.view.freemarker.FreeMarkerConfigurer">  
	    <property name="templateLoaderPath" value="/WEB-INF/ftl/" />  
	    <property name="freemarkerSettings">  
	        <props>  
	            <prop key="defaultEncoding">UTF-8</prop>
	            <prop key="template_update_delay">0</prop>  
	            <prop key="default_encoding">UTF-8</prop>  
	            <prop key="number_format">0.##########</prop>  
	            <prop key="datetime_format">yyyy-MM-dd HH:mm:ss</prop>  
	            <prop key="classic_compatible">true</prop>  
	            <prop key="template_exception_handler">ignore</prop>  
	        </props>  
	    </property>  
	</bean>
    
    <bean class="org.springframework.web.servlet.view.freemarker.FreeMarkerViewResolver"
        p:prefix="/" p:suffix=".ftl">
        <property name="cache" value="false" />
        <property name="viewClass" value="org.springframework.web.servlet.view.freemarker.FreeMarkerView" />
        <property name="contentType" value="text/html;charset=UTF-8"></property>
        <property name="exposeRequestAttributes" value="true" />
        <property name="exposeSessionAttributes" value="true" />
        <property name="exposeSpringMacroHelpers" value="true" />
        <property name="requestContextAttribute" value="base"></property>
        <property name="order" value="0"></property>
    </bean>
	
    <bean class="org.springframework.web.servlet.view.InternalResourceViewResolver">
        <property name="viewClass" value="org.springframework.web.servlet.view.JstlView"></property>
        <property name="prefix" value="/WEB-INF/jsp/"></property>
        <property name="suffix" value=".jsp"></property>
    </bean>
    
    <bean id="exceptionResolver"  
        class="org.springframework.web.servlet.handler.SimpleMappingExceptionResolver">  
        <property name="exceptionMappings">  
            <props>
            </props>  
        </property>  
    </bean>
    
    <!--  -->
    <bean id="multipartResolver" class="com.atguigu.cpes.util.CPESCommonsMultipartResolver" p:defaultEncoding="UTF-8">
        <property name="maxUploadSize" value="2097152"/>
        <property name="resolveLazily" value="true"/>
    </bean>
    
</beans>
