<?xml version="1.0" encoding="UTF-8"?>
<beans xmlns="http://www.springframework.org/schema/beans"
	xmlns:xsi="http://www.w3.org/2001/XMLSchema-instance"
	xmlns:context="http://www.springframework.org/schema/context"
	xmlns:tx="http://www.springframework.org/schema/tx"
	xmlns:aop="http://www.springframework.org/schema/aop"
	xsi:schemaLocation="http://www.springframework.org/schema/aop http://www.springframework.org/schema/aop/spring-aop-4.0.xsd
		http://www.springframework.org/schema/beans http://www.springframework.org/schema/beans/spring-beans.xsd
		http://www.springframework.org/schema/tx http://www.springframework.org/schema/tx/spring-tx-4.0.xsd
		http://www.springframework.org/schema/context http://www.springframework.org/schema/context/spring-context-4.0.xsd">

	<context:component-scan base-package="com.atguigu.*">
		<context:exclude-filter type="annotation" expression="org.springframework.stereotype.Controller"/>
	</context:component-scan>

	<!-- 加载外部属性配置文件 -->
	<bean id="propertyPlaceholderConfigurer" class="org.springframework.beans.factory.config.PropertyPlaceholderConfigurer">
		<property name="locations" value="classpath:config/jdbc.properties" />
	</bean>
	
	<!-- 配置C3P0数据源 -->
	<bean id="dataSource" class="com.mchange.v2.c3p0.ComboPooledDataSource">
		<property name="driverClass" value="${jdbc.driver}"/>
		<property name="jdbcUrl" value="${jdbc.url}"/>
		<property name="user" value="${jdbc.user}"/>
		<property name="password" value="${jdbc.password}"/>
	</bean>
	
	<bean id="sqlSessionFactory" class="org.mybatis.spring.SqlSessionFactoryBean">
	    <property name="configLocation" value="classpath:mybatis/config.xml"></property>
	    <property name="dataSource" ref="dataSource"></property>
	    <property name="mapperLocations">
	        <list>
	            <value>classpath*:mybatis/mapper-*.xml</value>
	        </list>
	    </property>
	</bean>
	
	<!-- 扫描Mapper映射配置 -->
	<bean id="mapperScannerConfigurer" class="org.mybatis.spring.mapper.MapperScannerConfigurer">
		<property name="basePackage" value="com.atguigu.cpes.dao"/>
	</bean>

	<!-- 事务管理器 -->
	<bean id="transactionManager" class="org.springframework.jdbc.datasource.DataSourceTransactionManager">
		<property name="dataSource" ref="dataSource" />
	</bean>
	
	<!-- 事务功能增强器 -->
	<tx:advice id="transactionAdvice" transaction-manager="transactionManager">
		<tx:attributes>
			<tx:method name="*" propagation="REQUIRED" isolation="DEFAULT" rollback-for="java.lang.Exception"/>
			<tx:method name="query*" read-only="true"/>
		</tx:attributes>
	</tx:advice>
	
	<aop:config>
		<aop:advisor advice-ref="transactionAdvice" pointcut="execution(* com.atguigu..*Service.*(..))"/>
	</aop:config>		

</beans>
